{"cameraMode":{"drawMode":0,"name":"Shaded","section":"Shading Mode"},"sceneLighting":false,"audioPlay":false,"sceneViewState":{"showFog":true,"showMaterialUpdate":false,"showSkybox":false,"showFlares":true,"showImageEffects":true,"showParticleSystems":true,"showVisualEffectGraphs":true,"m_FxEnabled":true},"in2DMode":false,"pivot":{"x":0.0007890462875366211,"y":0.3450445532798767,"z":-0.04240453243255615},"rotation":{"x":-0.2874787449836731,"y":0.24278110265731812,"z":-0.07558265328407288,"w":-0.9234187006950378},"size":1.9154753684997559,"orthographic":false}